--- Table creation ---
DROP TABLE IF EXISTS Users CASCADE;
DROP TABLE IF EXISTS Photos CASCADE;
DROP TABLE IF EXISTS Likes CASCADE;
DROP TABLE IF EXISTS Comments CASCADE;
DROP TABLE IF EXISTS Downloads CASCADE;
DROP TABLE IF EXISTS Categories CASCADE;
DROP TABLE IF EXISTS Photos_Categories CASCADE;

CREATE TABLE Users (
    id TEXT PRIMARY KEY,
    username VARCHAR(25) NOT NULL,
    email VARCHAR(30) UNIQUE NOT NULL,
    password VARCHAR(20) NOT NULL,
    access_level BOOLEAN DEFAULT false,
    user_icon TEXT
);

CREATE TABLE Photos (
    id TEXT PRIMARY KEY,
    user_id TEXT NOT NULL,
    name VARCHAR(50) NOT NULL,
    description TEXT,
    status BOOLEAN DEFAULT false,
    FOREIGN KEY (user_id) REFERENCES Users(id)
    ON DELETE CASCADE
);

CREATE TABLE Likes (
    id TEXT PRIMARY KEY,
    id_photo TEXT,
    id_user TEXT,
    FOREIGN KEY (id_photo) REFERENCES Photos(id),
    FOREIGN KEY (id_user) REFERENCES Users(id)
    ON DELETE CASCADE
);

CREATE TABLE Downloads (
    id TEXT PRIMARY KEY,
    id_photo TEXT,
    id_user TEXT,
    FOREIGN KEY (id_photo) REFERENCES Photos(id),
    FOREIGN KEY (id_user) REFERENCES Users(id)
    ON DELETE CASCADE
);

CREATE TABLE Comments (
    id TEXT PRIMARY KEY,
    content TEXT NOT NULL,
    id_photo TEXT,
    id_user TEXT,
    status BOOLEAN DEFAULT false,
    FOREIGN KEY (id_photo) REFERENCES Photos(id),
    FOREIGN KEY (id_user) REFERENCES Users(id)
    ON DELETE CASCADE
);

CREATE TABLE Categories (
    id TEXT PRIMARY KEY,
    name VARCHAR(30) NOT NULL,
    description TEXT NOT NULL
);

CREATE TABLE Photos_Categories (
    id TEXT PRIMARY KEY,
    id_photo TEXT,
    id_category TEXT,
    FOREIGN KEY (id_photo) REFERENCES Photos(id),
    FOREIGN KEY (id_category) REFERENCES Categories(id)
);

--- Dummy Values ---
--- Insert data into Users table ---
INSERT INTO Users (id, username, email, password, access_level, user_icon) VALUES
('550e8400-e29b-41d4-a716-446655440000', 'user1', 'user1@example.com', 'pass1', true, ''),
('550e8400-e29b-41d4-a716-446655440001', 'user2', 'user2@example.com', 'pass2', false, ''),
('550e8400-e29b-41d4-a716-446655440002', 'user3', 'user3@example.com', 'pass3', false, ''),
('550e8400-e29b-41d4-a716-446655440003', 'user4', 'user4@example.com', 'pass4', true, ''),
('550e8400-e29b-41d4-a716-446655440004', 'user5', 'user5@example.com', 'pass5', false, ''),
('550e8400-e29b-41d4-a716-446655440005', 'user6', 'user6@example.com', 'pass6', false, ''),
('550e8400-e29b-41d4-a716-446655440006', 'user7', 'user7@example.com', 'pass7', true, ''),
('550e8400-e29b-41d4-a716-446655440007', 'user8', 'user8@example.com', 'pass8', false, ''),
('550e8400-e29b-41d4-a716-446655440008', 'user9', 'user9@example.com', 'pass9', true, ''),
('550e8400-e29b-41d4-a716-446655440009', 'user10', 'user10@example.com', 'pass10', false, '');

--- Insert data into Photos table ---
INSERT INTO Photos (id, user_id, name, description, status) VALUES
('660e8400-e29b-41d4-a716-446655440000', '550e8400-e29b-41d4-a716-446655440000', 'Photo1', 'Description1', true),
('660e8400-e29b-41d4-a716-446655440001', '550e8400-e29b-41d4-a716-446655440001', 'Photo2', 'Description2', false),
('660e8400-e29b-41d4-a716-446655440002', '550e8400-e29b-41d4-a716-446655440002', 'Photo3', 'Description3', true),
('660e8400-e29b-41d4-a716-446655440003', '550e8400-e29b-41d4-a716-446655440003', 'Photo4', 'Description4', false),
('660e8400-e29b-41d4-a716-446655440004', '550e8400-e29b-41d4-a716-446655440004', 'Photo5', 'Description5', true),
('660e8400-e29b-41d4-a716-446655440005', '550e8400-e29b-41d4-a716-446655440005', 'Photo6', 'Description6', false),
('660e8400-e29b-41d4-a716-446655440006', '550e8400-e29b-41d4-a716-446655440006', 'Photo7', 'Description7', true),
('660e8400-e29b-41d4-a716-446655440007', '550e8400-e29b-41d4-a716-446655440007', 'Photo8', 'Description8', false),
('660e8400-e29b-41d4-a716-446655440008', '550e8400-e29b-41d4-a716-446655440008', 'Photo9', 'Description9', true),
('660e8400-e29b-41d4-a716-446655440009', '550e8400-e29b-41d4-a716-446655440009', 'Photo10', 'Description10', false);

--- Insert data into Likes table ---
INSERT INTO Likes (id, id_photo, id_user) VALUES
('770e8400-e29b-41d4-a716-446655440000', '660e8400-e29b-41d4-a716-446655440000', '550e8400-e29b-41d4-a716-446655440001'),
('770e8400-e29b-41d4-a716-446655440001', '660e8400-e29b-41d4-a716-446655440001', '550e8400-e29b-41d4-a716-446655440002'),
('770e8400-e29b-41d4-a716-446655440002', '660e8400-e29b-41d4-a716-446655440002', '550e8400-e29b-41d4-a716-446655440003'),
('770e8400-e29b-41d4-a716-446655440003', '660e8400-e29b-41d4-a716-446655440003', '550e8400-e29b-41d4-a716-446655440004'),
('770e8400-e29b-41d4-a716-446655440004', '660e8400-e29b-41d4-a716-446655440004', '550e8400-e29b-41d4-a716-446655440005'),
('770e8400-e29b-41d4-a716-446655440005', '660e8400-e29b-41d4-a716-446655440005', '550e8400-e29b-41d4-a716-446655440006'),
('770e8400-e29b-41d4-a716-446655440006', '660e8400-e29b-41d4-a716-446655440006', '550e8400-e29b-41d4-a716-446655440007'),
('770e8400-e29b-41d4-a716-446655440007', '660e8400-e29b-41d4-a716-446655440007', '550e8400-e29b-41d4-a716-446655440008'),
('770e8400-e29b-41d4-a716-446655440008', '660e8400-e29b-41d4-a716-446655440008', '550e8400-e29b-41d4-a716-446655440009'),
('770e8400-e29b-41d4-a716-446655440009', '660e8400-e29b-41d4-a716-446655440009', '550e8400-e29b-41d4-a716-446655440000');

--- Insert data into Downloads table ---
INSERT INTO Downloads (id, id_photo, id_user) VALUES
('880e8400-e29b-41d4-a716-446655440000', '660e8400-e29b-41d4-a716-446655440000', '550e8400-e29b-41d4-a716-446655440002'),
('880e8400-e29b-41d4-a716-446655440001', '660e8400-e29b-41d4-a716-446655440001', '550e8400-e29b-41d4-a716-446655440003'),
('880e8400-e29b-41d4-a716-446655440002', '660e8400-e29b-41d4-a716-446655440002', '550e8400-e29b-41d4-a716-446655440004'),
('880e8400-e29b-41d4-a716-446655440003', '660e8400-e29b-41d4-a716-446655440003', '550e8400-e29b-41d4-a716-446655440005'),
('880e8400-e29b-41d4-a716-446655440004', '660e8400-e29b-41d4-a716-446655440004', '550e8400-e29b-41d4-a716-446655440006'),
('880e8400-e29b-41d4-a716-446655440005', '660e8400-e29b-41d4-a716-446655440005', '550e8400-e29b-41d4-a716-446655440007'),
('880e8400-e29b-41d4-a716-446655440006', '660e8400-e29b-41d4-a716-446655440006', '550e8400-e29b-41d4-a716-446655440008'),
('880e8400-e29b-41d4-a716-446655440007', '660e8400-e29b-41d4-a716-446655440007', '550e8400-e29b-41d4-a716-446655440009'),
('880e8400-e29b-41d4-a716-446655440008', '660e8400-e29b-41d4-a716-446655440008', '550e8400-e29b-41d4-a716-446655440000'),
('880e8400-e29b-41d4-a716-446655440009', '660e8400-e29b-41d4-a716-446655440009', '550e8400-e29b-41d4-a716-446655440001');

--- Insert data into Comments table ---
INSERT INTO Comments (id, content, id_photo, id_user, status) VALUES
('990e8400-e29b-41d4-a716-446655440000', 'Great photo!', '660e8400-e29b-41d4-a716-446655440000', '550e8400-e29b-41d4-a716-446655440001', true),
('990e8400-e29b-41d4-a716-446655440001', 'Amazing shot!', '660e8400-e29b-41d4-a716-446655440001', '550e8400-e29b-41d4-a716-446655440002', false),
('990e8400-e29b-41d4-a716-446655440002', 'Nice angle.', '660e8400-e29b-41d4-a716-446655440002', '550e8400-e29b-41d4-a716-446655440003', true),
('990e8400-e29b-41d4-a716-446655440003', 'Beautiful colors!', '660e8400-e29b-41d4-a716-446655440003', '550e8400-e29b-41d4-a716-446655440004', false),
('990e8400-e29b-41d4-a716-446655440004', 'Stunning!', '660e8400-e29b-41d4-a716-446655440004', '550e8400-e29b-41d4-a716-446655440005', true),
('990e8400-e29b-41d4-a716-446655440005', 'I love it!', '660e8400-e29b-41d4-a716-446655440005', '550e8400-e29b-41d4-a716-446655440006', false),
('990e8400-e29b-41d4-a716-446655440006', 'Great capture!', '660e8400-e29b-41d4-a716-446655440006', '550e8400-e29b-41d4-a716-446655440007', true),
('990e8400-e29b-41d4-a716-446655440007', 'So cool!', '660e8400-e29b-41d4-a716-446655440007', '550e8400-e29b-41d4-a716-446655440008', false),
('990e8400-e29b-41d4-a716-446655440008', 'Fantastic!', '660e8400-e29b-41d4-a716-446655440008', '550e8400-e29b-41d4-a716-446655440009', true),
('990e8400-e29b-41d4-a716-446655440009', 'Love this!', '660e8400-e29b-41d4-a716-446655440009', '550e8400-e29b-41d4-a716-446655440000', false);

--- Insert data into Categories table ---
INSERT INTO Categories (id, name, description) VALUES
('aa0e8400-e29b-41d4-a716-446655440000', 'Nature', 'Photos of nature'),
('aa0e8400-e29b-41d4-a716-446655440001', 'Animals', 'Photos of animals'),
('aa0e8400-e29b-41d4-a716-446655440002', 'Urban', 'Photos of urban landscapes'),
('aa0e8400-e29b-41d4-a716-446655440003', 'People', 'Photos of people'),
('aa0e8400-e29b-41d4-a716-446655440004', 'Sports', 'Photos of sports'),
('aa0e8400-e29b-41d4-a716-446655440005', 'Travel', 'Photos of travel destinations'),
('aa0e8400-e29b-41d4-a716-446655440006', 'Food', 'Photos of food'),
('aa0e8400-e29b-41d4-a716-446655440007', 'Architecture', 'Photos of architecture'),
('aa0e8400-e29b-41d4-a716-446655440008', 'Art', 'Photos of art'),
('aa0e8400-e29b-41d4-a716-446655440009', 'Fashion', 'Photos of fashion');

--- Insert data into Photos_Categories table ---
INSERT INTO Photos_Categories (id, id_photo, id_category) VALUES
('bb0e8400-e29b-41d4-a716-446655440000', '660e8400-e29b-41d4-a716-446655440000', 'aa0e8400-e29b-41d4-a716-446655440000'),
('bb0e8400-e29b-41d4-a716-446655440001', '660e8400-e29b-41d4-a716-446655440001', 'aa0e8400-e29b-41d4-a716-446655440001'),
('bb0e8400-e29b-41d4-a716-446655440002', '660e8400-e29b-41d4-a716-446655440002', 'aa0e8400-e29b-41d4-a716-446655440002'),
('bb0e8400-e29b-41d4-a716-446655440003', '660e8400-e29b-41d4-a716-446655440003', 'aa0e8400-e29b-41d4-a716-446655440003'),
('bb0e8400-e29b-41d4-a716-446655440004', '660e8400-e29b-41d4-a716-446655440004', 'aa0e8400-e29b-41d4-a716-446655440004'),
('bb0e8400-e29b-41d4-a716-446655440005', '660e8400-e29b-41d4-a716-446655440005', 'aa0e8400-e29b-41d4-a716-446655440005'),
('bb0e8400-e29b-41d4-a716-446655440006', '660e8400-e29b-41d4-a716-446655440006', 'aa0e8400-e29b-41d4-a716-446655440006'),
('bb0e8400-e29b-41d4-a716-446655440007', '660e8400-e29b-41d4-a716-446655440007', 'aa0e8400-e29b-41d4-a716-446655440007'),
('bb0e8400-e29b-41d4-a716-446655440008', '660e8400-e29b-41d4-a716-446655440008', 'aa0e8400-e29b-41d4-a716-446655440008'),
('bb0e8400-e29b-41d4-a716-446655440009', '660e8400-e29b-41d4-a716-446655440009', 'aa0e8400-e29b-41d4-a716-446655440009');